"brand","name","top_notes","middle_notes","base_notes","main_notes","note_status","source_url","source_type","checked_on"
"Alchemist Fragrance","Bois et Musc","Black Pepper","Muguet | Cashmeran","Patchouli | Musk | Moss","","verified_published_notes","https://alchemistfragrance.com/products/bois-et-musc-copy-1","official_brand_page","2026-10-06"
"Alchemist Fragrance","Cachemire","Cinnamon Bark Oil LMR | Pepper Pink CO2 LMR | Apple","Rose Accord | Violet Notes | Ambrette ABS LMR","Cedarwood Heart | Virgina LMR | Musk","","verified_published_notes","https://alchemistfragrance.com/products/alchemist-fragrance-cachmire-les-classiques","official_brand_page","2026-10-06"
"Alchemist Fragrance","Champagne Blush","Ginger | Saffron | Bergamot | Mandarin","Orange Blossom | Lavender","Vanilla | Honey | Tonka Bean | Vetiver","","verified_published_notes","https://alchemistfragrance.com/products/eau-de-parfum-champagne-blush","official_brand_page","2026-10-06"
"Alchemist Fragrance","Galleria","Cape jasmine | Plum","Tuberose | Oeillet","Honey | Redwood","","verified_published_notes","https://alchemistfragrance.com/products/07-1","official_brand_page","2026-10-06"
"Alchemist Fragrance","Got My Mojo Back","Chocolate | Blackcurrant | Almond","Cedarwood | Tuberose | Sambac | Jasmine","Praline HS | Sandalwood | Amber","","verified_published_notes","https://alchemistfragrance.com/products/03-got-my-mojo-back","official_brand_page","2026-10-06"
"Alchemist Fragrance","Home Garden","Blackberry | Grapefruit | Clove","Cedar | Vetiver","Floral Notes","","verified_published_notes","https://alchemistfragrance.com/products/04-home-garden","official_brand_page","2026-10-06"
"Alchemist Fragrance","Musc Laiteux","Pink Pepper | Orange Flower","Orris Crete LMR | Transparent Floral | Riz Au Lait Accord","Ambrette ABS | Patchouli Oil","","verified_published_notes","https://alchemistfragrance.com/products/alchemist-fragrance-musc-laiteux-les-classiques","official_brand_page","2026-10-06"
"Alchemist Fragrance","Musc Vanille","Pink Pepper | Black Pepper","White Floral Bouquet | Coconut Accord","Musk | White Woods | Vanilla","","verified_published_notes","https://alchemistfragrance.com/products/alchemist-fragrance-musc-vanille-les-classiques","official_brand_page","2026-10-06"
"Alchemist Fragrance","Onirique","Pear | Orange | Clary Sage","Tuberose | Orange Blossom | Jasmine","Vanilla | Cedarwood | Satin Musks","","verified_published_notes","https://alchemistfragrance.com/products/onirique","official_brand_page","2026-10-06"
"Alchemist Fragrance","Out West","Yuzu | Bergamot | Green Apple","Cedarwood | Rose | Plum","Musk | Patchouli | Vetiver","","verified_published_notes","https://alchemistfragrance.com/products/05-out-west","official_brand_page","2026-10-06"
"Alchemist Fragrance","OUT WEST A.M.","Pink Pepper CO2 LMR | Lemon Oil Spain LMR | Ginger","Cypriol","Cedarwood | Patchouli Oil Indonesia LMR | Light leather","","verified_published_notes","https://alchemistfragrance.com/products/out-west-a-m-extrait-de-parfum","official_brand_page","2026-10-06"
"Alchemist Fragrance","OUT WEST ABSOLU","Pear","White Thyme Oil Spain LMR | Narcissus","Orris LMR | Vetiver Oil Java LMR | Tobacco | Labdanum","","verified_published_notes","https://alchemistfragrance.com/products/out-west-absolu-copy-1","official_brand_page","2026-10-06"
"Alchemist Fragrance","OUT WEST P.M.","Saffron | Grapefruit | Lavender","Living Gunsmoke | Labdanum | Patchouli Oil Light LMR","Vetiver Oil Java LMR | Incense | Vanilla","","verified_published_notes","https://alchemistfragrance.com/products/out-west-p-m-elixir","official_brand_page","2026-10-06"
"Alchemist Fragrance","Pink Laundry","Clean Aldehydes | Chamomile | Green Notes","Jasmine | Lily of the Valley | Rose","Musky Notes | Patchouli | Sandalwood | Powdery Notes","","verified_published_notes","https://alchemistfragrance.com/products/02-pink-laundry","official_brand_page","2026-10-06"
"Alchemist Fragrance","Powder Room","Fresh Watery Accord | Rose | Pink Pepper","Violet | Orange Blossom | Peony","Musky Notes | Marine Notes | Sandalwood","","verified_published_notes","https://alchemistfragrance.com/products/alchemy-elixir-2","official_brand_page","2026-10-06"
"Carl & Claire","A Love Like This","Lily | Aromatic | Eucalyptus | Ginger","Lily | Ambery | Jasmine","Cedarwood | Musky | Patchouli","","verified_published_notes","https://www.carlandclaire.com/products/blossom-30-ml","official_brand_page","2026-10-06"
"Carl & Claire","Black Dahlia","White Floral | Gourmand | Coffee","Vanilla | Floral | Woody","Ambery | Musky | Sweet","","verified_published_notes","https://www.carlandclaire.com/products/black-dahlia-30-ml","official_brand_page","2026-10-06"
"Carl & Claire","Dancing with my Shadow","Floral | Fresh | Herbaceous","Floral | Oriental | Rose","Ambery | Balsamic | Musky","","verified_published_notes","https://www.carlandclaire.com/products/musk-30-ml","official_brand_page","2026-10-06"
"Carl & Claire","Delicate Embrace","Citrus | Freesia | Fruity | Pear","Lily of The Valley | Rose","Ambery | Musky","","verified_published_notes","https://www.carlandclaire.com/products/delicate-30-ml","official_brand_page","2026-10-06"
"Carl & Claire","Enchantée","Citrus | Ginger | Peach","White Flowers | Jasmine | Tuberose | heliotrope","Ambrette | Musk | Gourmand","","verified_published_notes","https://www.carlandclaire.com/products/carl-claire-emily-in-paris-enchantee-edp-30ml","official_brand_page","2026-10-06"
"Carl & Claire","Garden of Eden","Saffron | Jasmine","Amber | Wood","Cedarwood","","verified_published_notes","https://www.carlandclaire.com/products/copy-of-carl-claire-garden-of-eden-ex-lavish-edp-30ml","official_brand_page","2026-10-06"
"Carl & Claire","Garden of Eden (ex.Lavish)","Saffron | Jasmine","Amber | Wood","Cedarwood","","verified_published_notes","https://www.carlandclaire.com/products/lavish-30-ml","official_brand_page","2026-10-06"
"Carl & Claire","Into the Woods","Violet | Lotus | Verbena","Lily of The Valley | Tea Rose","Sandalwood | Amber | Musk","","verified_published_notes","https://www.carlandclaire.com/products/natura","official_brand_page","2026-10-06"
"Carl & Claire","Morning Glory","Citrus | White Floral | Fruity","Floral | Jasmine | Lily of The Valley","Moss | Musky | Oriental","","verified_published_notes","https://www.carlandclaire.com/products/gorgeous-30-ml","official_brand_page","2026-10-06"
"Carl & Claire","Mystical Mirage","","","","","product_found_notes_not_listed","https://www.carlandclaire.com/products/istanbul","official_brand_page","2026-10-06"
"Carl & Claire","Song of the Youth","Citrus | Floral | Fruity","Magnolia | Musky | Iris | Vanilla","Ambery | Animalic | Moss","","verified_published_notes","https://www.carlandclaire.com/products/song-of-the-youth-30-ml","official_brand_page","2026-10-06"
"Carl & Claire","Spring Sonata","Citrus | Rose | Peony | Jasmine | Fruity","Floral | Fruity | Lactonic","Ambery | Floral | Musky","","verified_published_notes","https://www.carlandclaire.com/products/lady-30-ml","official_brand_page","2026-10-06"
"Carl & Claire","Take My Hand","Bergamot | Fruity | Floral","Floral | Patchouli","Ambery | Animalic","","verified_published_notes","https://www.carlandclaire.com/products/cherish-30-ml","official_brand_page","2026-10-06"
"Carl & Claire","Talking to the Moon","Fruity | Orange Blossom","Jasmine | Tuberose | Woody","Ambery | Musky | Sweet","","verified_published_notes","https://www.carlandclaire.com/products/talking-to-the-moon-30-ml","official_brand_page","2026-10-06"
"MYKONOS","Aphrodite","Jasmine | Burnt Cinnamon | Myrrh","Cedarwood | Tonka Bean | Sandalwood","White Musk | Tobacco | Vanilla | Mineral Amber","","verified_published_notes","https://officialmykonos.com/products/mykonos-aphrodite-extrait-de-parfum-50ml-100ml","official_brand_page","2026-10-06"
"MYKONOS","Baby Love","Violet | Musk | Rose","Violet | Rose","Violet | Musk","","verified_published_notes","https://officialmykonos.com/products/mykonos-baby-love-edp-50ml","official_brand_page","2026-10-06"
"MYKONOS","Black Opera","Vanilla | Orange Blossom | Pink Pepper","Licorice | Jasmine | Almond | Coffee","Cashmere wood | Jasmine | Vanilla | Patchouli","","verified_published_notes","https://officialmykonos.com/products/mykonos-black-opera-extrait-de-parfum-100ml","official_brand_page","2026-10-06"
"MYKONOS","Bonfire Vanilla","Cloves | Nutmeg | Pink Pepper | Orange Zest | Vanilla","Smoked Wood | Pepper | Guaiac Wood | Burnt Brown Sugar","Smoked Wood | Vanilla | Marshmallow | Caramel","","verified_published_notes","https://officialmykonos.com/products/mykonos-bonfire-vanilla-extrait-de-parfum-50ml","official_brand_page","2026-10-06"
"MYKONOS","Cafe Drops","Orchid | Jasmine | Coffee","Vanilla | Caramel | Tonka Bean | Milk","Amber | Musk | Wood | Patchouli","","verified_published_notes","https://officialmykonos.com/products/mykonos-cafe-drops-extrait-de-parfum-50ml","official_brand_page","2026-10-06"
"MYKONOS","California","Mandarin Orange | Lemon","Lychee | Rosemary | Cardamom | Lavender | Geranium | Aquatic Notes","Tonka Bean | Teak Wood | Vetiver","","verified_published_notes","https://officialmykonos.com/products/mykonos-california-signature-50ml","official_brand_page","2026-10-06"
"MYKONOS","California Blue","Lavender | Pear | Grapefruit | Pink Salt","Rhubarb | Water Blossoms | Marine Notes","Moss | Softwood | Caramel","","verified_published_notes","https://officialmykonos.com/products/mykonos-california-blue-extrait-de-parfum-50ml","official_brand_page","2026-10-06"
"MYKONOS","California Club","Bergamot | Lemon | Violet Leaf","Rose | Violet | Iris","Amberwood | Ambrette | Sandalwood","","verified_published_notes","https://officialmykonos.com/products/mykonos-california-club-extrait-de-parfum-50ml","official_brand_page","2026-10-06"
"MYKONOS","Caramel Fudge Cookie","Cookie Dough | Caramel | Vanilla","Caramel | Condensed Milk | Sea Salt","White Musk | Vanilla | Caramel | Praline","","verified_published_notes","https://officialmykonos.com/products/mykonos-caramel-fudge-cookie-edp-50ml","official_brand_page","2026-10-06"
"MYKONOS","Coconut Dreams","Coconut | Aloe Vera | Lily of the Valley","Coconut cream | Vanilla | Sweet Rice","Vanilla | Cashmere Wood","","verified_published_notes","https://officialmykonos.com/products/mykonos-coconut-dreams-extrait-de-parfum-50ml","official_brand_page","2026-10-06"
"MYKONOS","Conquer","Bergamot | Ginger | Cardamom","Orris | Orange Blossom","Patchouli | Musk | Modern Amber | Vanilla","","verified_published_notes","https://officialmykonos.com/products/mykonos-conquer-extrait-de-parfum-100ml","official_brand_page","2026-10-06"
"MYKONOS","Constantine","Cardamom | Violet Leaf | Pineapple | Mandarin Orange","Lily of the Valley | Jasmine | Lavender | Artemisia","Amberwood | Moss | White Musk","","verified_published_notes","https://officialmykonos.com/products/mykonos-constantine-extrait-de-parfum-50ml","official_brand_page","2026-10-06"
"MYKONOS","Crimson","Poached Peach Creme | Cherry Nectar | Bergamot","Geranium Petals | Caramel Creme Accord | Jasmine Absolute","Patchouli Madagascar | Honeyed Amber | White Musk","","verified_published_notes","https://officialmykonos.com/products/mykonos-crimson-extrait-de-parfum-100ml","official_brand_page","2026-10-06"
"MYKONOS","Dark Secret","Black Cherry | Saffron | Bergamot","Cinnamon | Nutmeg | Marigold | Jasmine | Praline","Amber | Musk | Tonka Bean | Sandalwood","","verified_published_notes","https://officialmykonos.com/products/mykonos-dark-secret-extrait-de-parfum-100ml","official_brand_page","2026-10-06"
"MYKONOS","Dreamscape","Mango | Italian Lemon | Rhubarb","Ginger | Jasmine | Violet | Praline | Pink Pepper","Cedar | Grey Amber | Tonka Beans | Moss","","verified_published_notes","https://officialmykonos.com/products/mykonos-dreamscape-extrait-de-parfum-50ml-100ml","official_brand_page","2026-10-06"
"MYKONOS","Enchanted","Mandarin Orange","Peony | Rose | Violet | Peach","Iris | Musk","","verified_published_notes","https://officialmykonos.com/products/mykonos-enchanted-extrait-de-parfum-50ml-100ml","official_brand_page","2026-10-06"
"MYKONOS","Hawaiian Crush","Lychee | Red Fruits | Black Tea","Rose | Lily Of The Valley | Lychee | Black tea","Amber | Patchouli | Musk | Incense","","verified_published_notes","https://officialmykonos.com/products/mykonos-hawaiian-crush-extrait-de-parfum-50ml","official_brand_page","2026-10-06"
"MYKONOS","Imperium","Lime | Bergamot | Mandarin Orange | Tropical Fruits","Sicilian Orange | Ginger | Jasmine | Coconut Water","Patchouli | White Musk | Tonka Bean","","verified_published_notes","https://officialmykonos.com/products/mykonos-imperium-extrait-de-parfum-100ml","official_brand_page","2026-10-06"
"MYKONOS","Inception","Bergamot | Ginger | Orange | Lemon","Neroli | Cinnamon | Black Tea | Biga Flower","Guaiac | Musk | Cedarwood | LorenoxTM","","verified_published_notes","https://officialmykonos.com/products/mykonos-inception-extrait-de-parfum-50ml","official_brand_page","2026-10-06"
"MYKONOS","Inferno","Blackcurrant | Bergamot | Grapefruit | Caramelized Pineapple","Clove | Nutmeg | Ginger | Cardamom | Rose","Patchouli | Oakmoss | Amber | Musk | Vetiver | Tonka | Ambroxan","","verified_published_notes","https://officialmykonos.com/products/mykonos-inferno-extrait-de-parfum-100ml","official_brand_page","2026-10-06"
"MYKONOS","Luminos","Apple | Banana (Part of The Blue Java Banana Accord)","White Florals | Rose | Tuberose | Lily of The Valley | Orange Blossom | Vanilla (Part of The Blue Java Banana Accord)","Amber | Edible Notes | Solar Accord | Amberwood | Cashmere | Ice Cream (Part of The Blue Java Banana)","","verified_published_notes","https://officialmykonos.com/products/mykonos-luminos-extrait-de-parfum-50ml","official_brand_page","2026-10-06"
"MYKONOS","Marbella","Orange | Lemon | Passionfruit | Mango","Frangipani | Solar Notes | Blackcurrant","Vanilla | Benzoin | Musk | Labdanum","","verified_published_notes","https://officialmykonos.com/products/mykonos-marbella-extrait-de-parfum-100ml","official_brand_page","2026-10-06"
"MYKONOS","Matcha Latte","","","","Matcha | White Chocolate | Jasmine | Tonka Bean | Vanilla | Milk Powder","verified_published_notes","https://officialmykonos.com/products/mykonos-matcha-latte-extrait-de-parfum-50ml","official_brand_page","2026-10-06"
"MYKONOS","Mayfair","Bergamot | Orange | Raspberry","Caramel | Lavender | Jasmine","Wood | Leather | Patchouli | Sandalwood","","verified_published_notes","https://officialmykonos.com/products/mykonos-mayfair-extrait-de-parfum-100ml","official_brand_page","2026-10-06"
"MYKONOS","Milk Drops","Floral Bouquet | Milk","Milk | Green Notes","Tonka Bean | White Musk | White Wood","","verified_published_notes","https://officialmykonos.com/products/mykonos-milk-drops-extrait-de-parfum-50ml","official_brand_page","2026-10-06"
"MYKONOS","Monaco Royale","Pear | Melon | Green Notes","Soft Wood | Cedarwood","Moss | Caramel | Musk","","verified_published_notes","https://officialmykonos.com/products/mykonos-monaco-royale-extrait-de-parfum-50ml-100ml","official_brand_page","2026-10-06"
"MYKONOS","Moroccan Vanilla","Moroccan Vanilla | Bulgarian Rose | Rose | Lemon","Bulgarian Rose | Vanilla | Lemon | Sugar","White Musk | Sugar | Vanilla","","verified_published_notes","https://officialmykonos.com/products/mykonos-moroccan-vanilla-extrait-de-parfum-100ml","official_brand_page","2026-10-06"
"MYKONOS","Musk Aura","Bergamot | Yuzu | Apple","Lily of the Valley | Sambac Jasmine | Ylang-ylang","Amber | Musk | Citrus | Nectarine","","verified_published_notes","https://officialmykonos.com/products/mykonos-musk-aura-extrait-de-parfum-100ml","official_brand_page","2026-10-06"
"MYKONOS","Mykonos x AlterEgo - MyEgo","Muscat Grapes | Pink Pepper | Bergamot | Aldehydes","Amber | Jasmine | Geranium","Musk | Vanilla | transparent wood | Iso E Super","","verified_published_notes","https://officialmykonos.com/products/mykonos-x-alterego-myego-extrait-de-parfum-50ml-100ml","official_brand_page","2026-10-06"
"MYKONOS","Mykonos x RRQ - Empire","Lime | Bergamot | Mandarin orange | tropical fruits","Sicilian Orange | Ginger | Jasmine | Coconut water","Patchouli | White musk | Tonka Bean","","verified_published_notes","https://officialmykonos.com/products/mykonos-x-rrq-empire-extrait-de-parfum-50ml-100ml","official_brand_page","2026-10-06"
"MYKONOS","Nautilus","Pear | Bergamot | Ginger | Mandarin Orange","Pear | Orange Blossom | Jasmine","Amber | Musk | Vanilla | Guaiac Wood | Ambroxan","","verified_published_notes","https://officialmykonos.com/products/mykonos-nautilus-extrait-de-parfum-100ml","official_brand_page","2026-10-06"
"MYKONOS","On The Rocks","Bergamot | Apple | Myrrh","Orange Flower | Guiacwood | Praline","Vanilla | Ambroxan | Praline","","verified_published_notes","https://officialmykonos.com/products/mykonos-on-the-rocks-extrait-de-parfum-100ml","official_brand_page","2026-10-06"
"MYKONOS","Paradise","Coconut | Mandarin Orange | Pear | Pineapple","Frangipani | Jasmine | Lily","Amber | Vanilla | Woody","","verified_published_notes","https://officialmykonos.com/products/mykonos-paradise-extrait-de-parfum-50ml","official_brand_page","2026-10-06"
"MYKONOS","Penthouse","Sparkling Blackcurrant | Aldehydes | Mandarin Zest | Rose Mist","Velvety White Floral | White Tea Vapor | White Soap Accord | Cashmere Wood. Cedarwood","Tonka Foam | Iso E Super | Amber | Clean Musks | Cashmeran","","verified_published_notes","https://officialmykonos.com/products/mykonos-penthouse-extrait-de-parfum-100ml","official_brand_page","2026-10-06"
"MYKONOS","Pink Beach","Kiwi | Rhubarb | Pink Pepper","Jasmine | Watermelon | Cyclamen","Powdery Notes | Sandalwood | Tonka Bean | Cedar | Musk | Juniper Berries","","verified_published_notes","https://officialmykonos.com/products/mykonos-pink-beach-edp-50ml","official_brand_page","2026-10-06"
"MYKONOS","Pink Drops","Strawberry Preserve | Almond | Caramel","Milk | Heliotrope","Vanilla | White Musk","","verified_published_notes","https://officialmykonos.com/products/mykonos-pink-drops-extrait-de-parfum-50ml","official_brand_page","2026-10-06"
"MYKONOS","Reflection","Grapefruit | Ginger | Bergamot","Marine Notes | Cardamom | Lily of the Valley","Musk | Patchouli | Amber | Ambroxan","","verified_published_notes","https://officialmykonos.com/products/mykonos-reflection-extrait-de-parfum-50ml-100ml","official_brand_page","2026-10-06"
"MYKONOS","Reflection Elixir","Grapefruit | Bergamot | Ginger | Rhubarb Leaves","Ylang-Ylang | Peach | Magnolia","Ambroxan | Musk | Chypre Accord","","verified_published_notes","https://officialmykonos.com/products/mykonos-reflection-elixir-extrait-de-parfum-50ml","official_brand_page","2026-10-06"
"MYKONOS","Royal Ispahan","Bergamot | Raspberry | Lychee | Cotton Flower","Violet | Rose Milk | Soft Wood","Vanilla | Guaiac Wood | Amber","","verified_published_notes","https://officialmykonos.com/products/mykonos-royal-ispahan-extrait-de-parfum-50ml-100ml","official_brand_page","2026-10-06"
"MYKONOS","Satin Blanc","Bergamot | Black Pepper | Green Apple","Cedarwood | Jasmine Tea | Floral Bouquet | Aquatic","White Amber | Tonka Bean | Vanilla","","verified_published_notes","https://officialmykonos.com/products/mykonos-satin-blanc-extrait-de-parfum-100ml","official_brand_page","2026-10-06"
"MYKONOS","Senja","Coffee | Almond","Patchouli | Chocolate | Milk","Sandalwood | Chocolate | Vetiver | Cistus","","verified_published_notes","https://officialmykonos.com/products/mykonos-senja-edp-50ml","official_brand_page","2026-10-06"
"MYKONOS","Silent Whisper","Apple | Honeydew | Melon","Lily of The Valley | Amber","Vanilla | Amber","","verified_published_notes","https://officialmykonos.com/products/mykonos-silent-whisper-extrait-de-parfum-50ml-100ml","official_brand_page","2026-10-06"
"MYKONOS","Slow Living","Amalfi Lemon | Lemon Blossom","Neroli | Lavender","Orcanox™ | Musk | Cedarwood","","verified_published_notes","https://officialmykonos.com/products/mykonos-slow-living-edp-50ml","official_brand_page","2026-10-06"
"MYKONOS","Sorrento","Fizzy Grapefruit | Bergamot | Mandarin Orange | Magnolia | Ginger","Fizzy Grapefruit | Neroli | Ginger | Powdery Notes | Water Notes","Fizzy Grapefruit | Amber | Musk | Cedar | Patchouli | Orris Root","","verified_published_notes","https://officialmykonos.com/products/mykonos-sorrento-extrait-de-parfum-50ml-100ml","official_brand_page","2026-10-06"
"MYKONOS","Sparkling Rosé","Damask Rose | Orange | Geranium","May Rose | Sparkling Red Berries | Plum | Sandalwood","Patchouli | Amber | Guaiac wood | Musk","","verified_published_notes","https://officialmykonos.com/products/mykonos-sparkling-rose-extrait-de-parfum-100ml","official_brand_page","2026-10-06"
"MYKONOS","Stilettos","Blackberry | Sour Cherry | Mandarin Orange","Violet | Jasmine","Cashmere wood | Amber | Patchouli | Musk | Vanilla","","verified_published_notes","https://officialmykonos.com/products/mykonos-stilettos-edp-50ml","official_brand_page","2026-10-06"
"MYKONOS","Untamed","Blackcurrant | Bergamot | Lemon | Aldehydes | Crisp Linen Accord","Praline | Musk | Jasmine | Violet | Coconut Soap Accord","Black Amber | Cedarwood | Vetiver | Musk | Vanilla | Cashmeran","","verified_published_notes","https://officialmykonos.com/products/mykonos-untamed-extrait-de-parfum-100ml","official_brand_page","2026-10-06"
"MYKONOS","Utopia","Calabrian Bergamot | White Tea | Fruits | Citrus","Iris | Jasmine Sambac | Ylang-ylang","Cedarwood | White Musk","","verified_published_notes","https://officialmykonos.com/products/mykonos-utopia-extrait-de-parfum-100ml","official_brand_page","2026-10-06"
"MYKONOS","Vanilla Clouds","Vanilla | Heliotrope | White Floral Accord","Vanilla | Marshmallow | Iris","Caramel | White Musk | Vanilla","","verified_published_notes","https://officialmykonos.com/products/mykonos-vanilla-clouds-extrait-de-parfum-50ml-1","official_brand_page","2026-10-06"
"MYKONOS","Verve","Vanilla | Pear | Blackcurrant","Jasmine | Iris | Orange Blossom","Praline | Vanilla | Tonka Bean | Patchouli","","verified_published_notes","https://officialmykonos.com/products/mykonos-verve-extrait-de-parfum-when-in-paris-edp-50ml","official_brand_page","2026-10-06"
"MYKONOS","Xoxo Rosy","Turkish Rose | Pink Pepper | Green Notes","Turkish Rose | Rose Petals | Orange Jam | Red Berries","Amber | Musk | Rose","","verified_published_notes","https://officialmykonos.com/products/mykonos-xoxo-rosy-edp-50ml","official_brand_page","2026-10-06"
"SAFF & Co.","CHNO","Pink pepper | Neroli | Pear","Coffee | Jasmine | Bitter Almond | Licorice","Vanilla | Patchouli | Cedar | Cashmere wood","","verified_published_notes","https://saffnco.com/products/extrait-de-parfum-chno","official_brand_page","2026-10-06"
"SAFF & Co.","COCO","Bergamot | Mandarin | Neroli","Ylang-ylang | Turkish Rose | Peach Leaf | Patchouli","White Musk | Tonka Bean | Vetiver","","verified_published_notes","https://saffnco.com/products/extrait-de-parfum-coco","official_brand_page","2026-10-06"
"SAFF & Co.","EULALIE","Lychee | Crème de Framboise | Petalia","Sampaguita | Roseraie de L'Hay | Akigalawood","Amberwoods | Sheer Musk | Cashmeran","","verified_published_notes","https://saffnco.com/products/extrait-de-parfum-eulalie","official_brand_page","2026-10-06"
"SAFF & Co.","ILIAD","Pink Peppercorn | Peony | Muguet","Ylang-Ylang | Iris | Hedione","Amber | Cashmeran | Patchouli","","verified_published_notes","https://saffnco.com/products/extrait-de-parfum-iliad","official_brand_page","2026-10-06"
"SAFF & Co.","IRAI LEIMA","Cassis Bud | DalanghitaPink Peppercorn","Duchesse De Nemours | Water Iris | Raat Ki Rani","Ambrette | Ancient Waters","","verified_published_notes","https://saffnco.com/products/extrait-de-parfum-irai-leima","official_brand_page","2026-10-06"
"SAFF & Co.","KIE RAHA","Cajuput | Yuzu | Bigarade","Aquamare | Orchid | Crystal Amber","Sulawesi Patchouli | Red Cedar | Sandalwood","","verified_published_notes","https://saffnco.com/products/extrait-de-parfum-kie-raha","official_brand_page","2026-10-06"
"SAFF & Co.","KIRITHRA","Sidr Honey | Clementine | Birch tar","Roseraie de l'Hay | Sampaguita | Akigalawood","Georgywood | Cashmeran | Sulawesi Patchouli","","verified_published_notes","https://saffnco.com/products/extrait-de-parfum-kirithra","official_brand_page","2026-10-06"
"SAFF & Co.","LAS POZAS","Datura a.k.a The Angel's Trumpet","Sumatran Benzoin | Nutmeg","Cashmeran | Cedar | Sandalwood","","verified_published_notes","https://saffnco.com/products/extrait-de-parfum-las-pozas","official_brand_page","2026-10-06"
"SAFF & Co.","LOUI","Verbena | Violet Leaf | Aldehyde","Rose | Peony | Muguet","Cedarwood | Musk","","verified_published_notes","https://saffnco.com/products/extrait-de-parfum-loui","official_brand_page","2026-10-06"
"SAFF & Co.","MALEALI","Bush Juniper | Tellicherry Pepper","Palo Santo a.k.a The Tree of Life | Red Sandalwood","Nagarmotha | Sulawesi Patchouli","","verified_published_notes","https://saffnco.com/products/extrait-de-parfum-maleali","official_brand_page","2026-10-06"
"SAFF & Co.","MINOUET","Starkrimson | Galbanum","Roseraie de l'Hay | Bigarade Orange | Iris Pallida","Cashmere Wood | Fior di Latte | Ambergris","","verified_published_notes","https://saffnco.com/products/extrait-de-parfum-minouet","official_brand_page","2026-10-06"
"SAFF & Co.","MORFOSIA","Rhubarb | Yuzu | Elletaria","Shogayu | Narcissus | Cape Jasmine","Amber | Red Cedar | Haiti Vetiver","","verified_published_notes","https://saffnco.com/products/extrait-de-parfum-morfosia","official_brand_page","2026-10-06"
"SAFF & Co.","OMNIA","Grapefruit | Orchid leaf","Rose | Hyacinth | Iris","Cashmere wood | Heliotrope | Musk","","verified_published_notes","https://saffnco.com/products/extrait-de-parfum-omnia","official_brand_page","2026-10-06"
"SAFF & Co.","OSTARA","Raspberry | Passionfruit | Pear","Cassis Buds | Lily of the Valley","Amber | Patchouli | Heliotrope","","verified_published_notes","https://saffnco.com/products/extrait-de-parfum-ostara","official_brand_page","2026-10-06"
"SAFF & Co.","POSTOJNA","Blue Apple | Lillikoi | Violet Leaves","Muguet | Pink Pepper | Maillette","Rockrose | Hollow Musk | Sandalwood","","verified_published_notes","https://saffnco.com/products/extrait-de-parfum-postojna","official_brand_page","2026-10-06"
"SAFF & Co.","RAE NIRA","Cajuput | Bigarade | Lavender","Jasmine Sambac | Calypsone | Immortelle","Tolu Balsam | Golden Amber | Cashmere","","verified_published_notes","https://saffnco.com/products/extrait-de-parfum-rae-nira","official_brand_page","2026-10-06"
"SAFF & Co.","S.O.F.R","Tangerine Heart | Bergamot | Charentais","Sampaguita | Mimosa | Tuberose","Amber | Edenolide | Pompona","","verified_published_notes","https://saffnco.com/products/extrait-de-parfum-sofr","official_brand_page","2026-10-06"
"SAFF & Co.","SAFF","Bergamot | Mandarin Orange | Saffron","Ylang-ylang | Mugue | Jasmine","Dry Amber | Leather | Musk","","verified_published_notes","https://saffnco.com/products/extrait-de-parfum-saff","official_brand_page","2026-10-06"
"SAFF & Co.","SOLARIS","Bergamot | Mandarin | Violet Leaves","Orris | Freesia | Cedarwood","Vetiver | Amber | Tonka Bean","","verified_published_notes","https://saffnco.com/products/extrait-de-parfum-solaris","official_brand_page","2026-10-06"
"SAFF & Co.","SOTB","Mandarin | Galbanum | Ylang","Tuberose | Jasmine | Orange Flower","Vanilla | Tonka Bean | Musk","","verified_published_notes","https://saffnco.com/products/extrait-de-parfum-sotb","official_brand_page","2026-10-06"
"SAFF & Co.","TROUPE","Mandarin Orange | Pear","Rose | Neroli | Freesia","Patchouli | Musk | Amber","","verified_published_notes","https://saffnco.com/products/extrait-de-parfum-troupe","official_brand_page","2026-10-06"
"SAFF & Co.","XOCOLATL","Mandarin | Pear | Apple","Heliotrope | Plumeria | Maltol | Gardenia","Coconut | Musk | Sandalwood","","verified_published_notes","https://saffnco.com/products/extrait-de-parfum-xocolatl","official_brand_page","2026-10-06"
